{"x":28,"y":31,"playerPos":{"x":13.0,"y":7.0,"z":-0.5},"shipPos":{"x":13.5,"y":16.0,"z":-0.5},"obstacles":[{"name":"Trap","position":{"x":1.5,"y":5.5,"z":0.0},"rotation":{"x":0.0,"y":0.0,"z":0.0},"scale":{"x":1.5,"y":1.5,"z":1.5}},{"name":"Tree2","position":{"x":4.5,"y":6.5,"z":0.0},"rotation":{"x":0.0,"y":0.0,"z":270.0},"scale":{"x":2.0,"y":2.0,"z":2.0}},{"name":"Fence1","position":{"x":2.0,"y":2.5,"z":0.0},"rotation":{"x":0.0,"y":0.0,"z":0.0},"scale":{"x":1.0,"y":1.0,"z":2.0}},{"name":"Fence1","position":{"x":3.0,"y":2.5,"z":0.0},"rotation":{"x":0.0,"y":0.0,"z":0.0},"scale":{"x":1.0,"y":1.0,"z":2.0}},{"name":"Fence1","position":{"x":4.0,"y":2.5,"z":0.0},"rotation":{"x":0.0,"y":0.0,"z":0.0},"scale":{"x":1.0,"y":1.0,"z":2.0}},{"name":"Fence1","position":{"x":5.0,"y":2.5,"z":0.0},"rotation":{"x":0.0,"y":0.0,"z":0.0},"scale":{"x":1.0,"y":1.0,"z":2.0}},{"name":"Fence1","position":{"x":6.0,"y":2.5,"z":0.0},"rotation":{"x":0.0,"y":0.0,"z":0.0},"scale":{"x":1.0,"y":1.0,"z":2.0}},{"name":"Fence1","position":{"x":7.0,"y":2.5,"z":0.0},"rotation":{"x":0.0,"y":0.0,"z":0.0},"scale":{"x":1.0,"y":1.0,"z":2.0}},{"name":"Fence1","position":{"x":8.0,"y":2.5,"z":0.0},"rotation":{"x":0.0,"y":0.0,"z":0.0},"scale":{"x":1.0,"y":1.0,"z":2.0}},{"name":"Fence1","position":{"x":9.0,"y":2.5,"z":0.0},"rotation":{"x":0.0,"y":0.0,"z":0.0},"scale":{"x":1.0,"y":1.0,"z":2.0}},{"name":"Fence1","position":{"x":10.0,"y":2.5,"z":0.0},"rotation":{"x":0.0,"y":0.0,"z":0.0},"scale":{"x":1.0,"y":1.0,"z":2.0}},{"name":"Fence1","position":{"x":11.0,"y":2.5,"z":0.0},"rotation":{"x":0.0,"y":0.0,"z":0.0},"scale":{"x":1.0,"y":1.0,"z":2.0}},{"name":"Fence1","position":{"x":16.0,"y":2.5,"z":0.0},"rotation":{"x":0.0,"y":0.0,"z":0.0},"scale":{"x":1.0,"y":1.0,"z":2.0}},{"name":"Fence1","position":{"x":17.0,"y":2.5,"z":0.0},"rotation":{"x":0.0,"y":0.0,"z":0.0},"scale":{"x":1.0,"y":1.0,"z":2.0}},{"name":"Fence1","position":{"x":18.0,"y":2.5,"z":0.0},"rotation":{"x":0.0,"y":0.0,"z":0.0},"scale":{"x":1.0,"y":1.0,"z":2.0}},{"name":"Fence1","position":{"x":19.0,"y":2.5,"z":0.0},"rotation":{"x":0.0,"y":0.0,"z":0.0},"scale":{"x":1.0,"y":1.0,"z":2.0}},{"name":"Fence1","position":{"x":20.0,"y":2.5,"z":0.0},"rotation":{"x":0.0,"y":0.0,"z":0.0},"scale":{"x":1.0,"y":1.0,"z":2.0}},{"name":"Fence1","position":{"x":25.0,"y":2.5,"z":0.0},"rotation":{"x":0.0,"y":0.0,"z":0.0},"scale":{"x":1.0,"y":1.0,"z":2.0}},{"name":"Fence1","position":{"x":24.0,"y":2.5,"z":0.0},"rotation":{"x":0.0,"y":0.0,"z":0.0},"scale":{"x":1.0,"y":1.0,"z":2.0}},{"name":"Fence1","position":{"x":23.0,"y":2.5,"z":0.0},"rotation":{"x":0.0,"y":0.0,"z":0.0},"scale":{"x":1.0,"y":1.0,"z":2.0}},{"name":"Fence1","position":{"x":22.0,"y":2.5,"z":0.0},"rotation":{"x":0.0,"y":0.0,"z":0.0},"scale":{"x":1.0,"y":1.0,"z":2.0}},{"name":"Fence1","position":{"x":21.0,"y":2.5,"z":0.0},"rotation":{"x":0.0,"y":0.0,"z":0.0},"scale":{"x":1.0,"y":1.0,"z":2.0}},{"name":"Tree1","position":{"x":7.5,"y":5.0,"z":0.0},"rotation":{"x":0.0,"y":0.0,"z":0.0},"scale":{"x":2.0,"y":2.0,"z":2.0}},{"name":"Gravestone2","position":{"x":2.5,"y":8.5,"z":0.0},"rotation":{"x":0.0,"y":0.0,"z":0.0},"scale":{"x":1.0,"y":1.0,"z":1.0}},{"name":"Rock7","position":{"x":4.5,"y":9.0,"z":0.0},"rotation":{"x":0.0,"y":0.0,"z":0.0},"scale":{"x":1.0,"y":1.0,"z":1.0}},{"name":"Fence2","position":{"x":1.5,"y":11.5,"z":0.0},"rotation":{"x":0.0,"y":0.0,"z":0.0},"scale":{"x":1.0,"y":1.0,"z":1.0}},{"name":"Fence2","position":{"x":2.5,"y":11.5,"z":0.0},"rotation":{"x":0.0,"y":0.0,"z":0.0},"scale":{"x":1.0,"y":1.0,"z":1.0}},{"name":"Fence2","position":{"x":3.5,"y":11.5,"z":0.0},"rotation":{"x":0.0,"y":0.0,"z":0.0},"scale":{"x":1.0,"y":1.0,"z":1.0}},{"name":"Fence2","position":{"x":4.5,"y":11.5,"z":0.0},"rotation":{"x":0.0,"y":0.0,"z":0.0},"scale":{"x":1.0,"y":1.0,"z":1.0}},{"name":"Fence2","position":{"x":5.0,"y":12.0,"z":0.0},"rotation":{"x":0.0,"y":0.0,"z":90.0},"scale":{"x":1.0,"y":1.0,"z":1.0}},{"name":"Fence2","position":{"x":5.0,"y":13.0,"z":0.0},"rotation":{"x":0.0,"y":0.0,"z":90.0},"scale":{"x":1.0,"y":1.0,"z":1.0}},{"name":"Fence2","position":{"x":5.0,"y":14.0,"z":0.0},"rotation":{"x":0.0,"y":0.0,"z":90.0},"scale":{"x":1.0,"y":1.0,"z":1.0}},{"name":"Fence2","position":{"x":1.5,"y":14.5,"z":0.0},"rotation":{"x":0.0,"y":0.0,"z":0.0},"scale":{"x":1.0,"y":1.0,"z":1.0}},{"name":"Fence2","position":{"x":2.5,"y":14.5,"z":0.0},"rotation":{"x":0.0,"y":0.0,"z":0.0},"scale":{"x":1.0,"y":1.0,"z":1.0}},{"name":"Fence2","position":{"x":3.5,"y":14.5,"z":0.0},"rotation":{"x":0.0,"y":0.0,"z":0.0},"scale":{"x":1.0,"y":1.0,"z":1.0}},{"name":"Fence2","position":{"x":4.5,"y":14.5,"z":0.0},"rotation":{"x":0.0,"y":0.0,"z":0.0},"scale":{"x":1.0,"y":1.0,"z":1.0}},{"name":"Fence2","position":{"x":23.5,"y":11.5,"z":0.0},"rotation":{"x":0.0,"y":0.0,"z":0.0},"scale":{"x":1.0,"y":1.0,"z":1.0}},{"name":"Fence2","position":{"x":24.5,"y":11.5,"z":0.0},"rotation":{"x":0.0,"y":0.0,"z":0.0},"scale":{"x":1.0,"y":1.0,"z":1.0}},{"name":"Fence2","position":{"x":25.5,"y":11.5,"z":0.0},"rotation":{"x":0.0,"y":0.0,"z":0.0},"scale":{"x":1.0,"y":1.0,"z":1.0}},{"name":"Fence2","position":{"x":22.5,"y":11.5,"z":0.0},"rotation":{"x":0.0,"y":0.0,"z":0.0},"scale":{"x":1.0,"y":1.0,"z":1.0}},{"name":"Fence2","position":{"x":22.0,"y":12.0,"z":0.0},"rotation":{"x":0.0,"y":0.0,"z":90.0},"scale":{"x":1.0,"y":1.0,"z":1.0}},{"name":"Fence2","position":{"x":22.0,"y":13.0,"z":0.0},"rotation":{"x":0.0,"y":0.0,"z":90.0},"scale":{"x":1.0,"y":1.0,"z":1.0}},{"name":"Fence2","position":{"x":22.0,"y":14.0,"z":0.0},"rotation":{"x":0.0,"y":0.0,"z":90.0},"scale":{"x":1.0,"y":1.0,"z":1.0}},{"name":"Fence2","position":{"x":2.5,"y":17.5,"z":0.0},"rotation":{"x":0.0,"y":0.0,"z":0.0},"scale":{"x":1.0,"y":1.0,"z":1.0}},{"name":"Fence2","position":{"x":3.5,"y":17.5,"z":0.0},"rotation":{"x":0.0,"y":0.0,"z":0.0},"scale":{"x":1.0,"y":1.0,"z":1.0}},{"name":"Fence2","position":{"x":5.0,"y":18.0,"z":0.0},"rotation":{"x":0.0,"y":0.0,"z":90.0},"scale":{"x":1.0,"y":1.0,"z":1.0}},{"name":"Fence2","position":{"x":1.5,"y":20.5,"z":0.0},"rotation":{"x":0.0,"y":0.0,"z":0.0},"scale":{"x":1.0,"y":1.0,"z":1.0}},{"name":"Fence2","position":{"x":2.5,"y":20.5,"z":0.0},"rotation":{"x":0.0,"y":0.0,"z":0.0},"scale":{"x":1.0,"y":1.0,"z":1.0}},{"name":"Fence2","position":{"x":5.0,"y":19.0,"z":0.0},"rotation":{"x":0.0,"y":0.0,"z":90.0},"scale":{"x":1.0,"y":1.0,"z":1.0}},{"name":"Fence2","position":{"x":3.5,"y":20.5,"z":0.0},"rotation":{"x":0.0,"y":0.0,"z":0.0},"scale":{"x":1.0,"y":1.0,"z":1.0}},{"name":"Fence2","position":{"x":4.5,"y":17.5,"z":0.0},"rotation":{"x":0.0,"y":0.0,"z":0.0},"scale":{"x":1.0,"y":1.0,"z":1.0}},{"name":"Fence2","position":{"x":1.5,"y":17.5,"z":0.0},"rotation":{"x":0.0,"y":0.0,"z":0.0},"scale":{"x":1.0,"y":1.0,"z":1.0}},{"name":"Fence2","position":{"x":5.0,"y":20.0,"z":0.0},"rotation":{"x":0.0,"y":0.0,"z":90.0},"scale":{"x":1.0,"y":1.0,"z":1.0}},{"name":"Fence2","position":{"x":4.5,"y":20.5,"z":0.0},"rotation":{"x":0.0,"y":0.0,"z":0.0},"scale":{"x":1.0,"y":1.0,"z":1.0}},{"name":"Fence2","position":{"x":24.5,"y":17.5,"z":0.0},"rotation":{"x":0.0,"y":0.0,"z":0.0},"scale":{"x":1.0,"y":1.0,"z":1.0}},{"name":"Fence2","position":{"x":23.5,"y":20.5,"z":0.0},"rotation":{"x":0.0,"y":0.0,"z":0.0},"scale":{"x":1.0,"y":1.0,"z":1.0}},{"name":"Fence2","position":{"x":24.5,"y":20.5,"z":0.0},"rotation":{"x":0.0,"y":0.0,"z":0.0},"scale":{"x":1.0,"y":1.0,"z":1.0}},{"name":"Fence2","position":{"x":22.5,"y":17.5,"z":0.0},"rotation":{"x":0.0,"y":0.0,"z":0.0},"scale":{"x":1.0,"y":1.0,"z":1.0}},{"name":"Fence2","position":{"x":23.5,"y":17.5,"z":0.0},"rotation":{"x":0.0,"y":0.0,"z":0.0},"scale":{"x":1.0,"y":1.0,"z":1.0}},{"name":"Fence2","position":{"x":22.5,"y":20.5,"z":0.0},"rotation":{"x":0.0,"y":0.0,"z":0.0},"scale":{"x":1.0,"y":1.0,"z":1.0}},{"name":"Fence2","position":{"x":25.5,"y":17.5,"z":0.0},"rotation":{"x":0.0,"y":0.0,"z":0.0},"scale":{"x":1.0,"y":1.0,"z":1.0}},{"name":"Fence2","position":{"x":25.5,"y":20.5,"z":0.0},"rotation":{"x":0.0,"y":0.0,"z":0.0},"scale":{"x":1.0,"y":1.0,"z":1.0}},{"name":"Fence2","position":{"x":22.0,"y":18.0,"z":0.0},"rotation":{"x":0.0,"y":0.0,"z":90.0},"scale":{"x":1.0,"y":1.0,"z":1.0}},{"name":"Fence2","position":{"x":22.0,"y":19.0,"z":0.0},"rotation":{"x":0.0,"y":0.0,"z":90.0},"scale":{"x":1.0,"y":1.0,"z":1.0}},{"name":"Fence2","position":{"x":22.0,"y":20.0,"z":0.0},"rotation":{"x":0.0,"y":0.0,"z":90.0},"scale":{"x":1.0,"y":1.0,"z":1.0}},{"name":"Fence2","position":{"x":0.5,"y":17.5,"z":0.0},"rotation":{"x":0.0,"y":0.0,"z":0.0},"scale":{"x":1.0,"y":1.0,"z":1.0}},{"name":"Fence2","position":{"x":0.5,"y":14.5,"z":0.0},"rotation":{"x":0.0,"y":0.0,"z":0.0},"scale":{"x":1.0,"y":1.0,"z":1.0}},{"name":"Fence2","position":{"x":26.5,"y":17.5,"z":0.0},"rotation":{"x":0.0,"y":0.0,"z":0.0},"scale":{"x":1.0,"y":1.0,"z":1.0}},{"name":"Fence2","position":{"x":26.5,"y":14.5,"z":0.0},"rotation":{"x":0.0,"y":0.0,"z":0.0},"scale":{"x":1.0,"y":1.0,"z":1.0}},{"name":"Fence2","position":{"x":22.5,"y":14.500000953674317,"z":0.0},"rotation":{"x":0.0,"y":0.0,"z":0.0},"scale":{"x":1.0,"y":1.0,"z":1.0}},{"name":"Fence2","position":{"x":23.5,"y":14.500000953674317,"z":0.0},"rotation":{"x":0.0,"y":0.0,"z":0.0},"scale":{"x":1.0,"y":1.0,"z":1.0}},{"name":"Fence2","position":{"x":24.5,"y":14.500000953674317,"z":0.0},"rotation":{"x":0.0,"y":0.0,"z":0.0},"scale":{"x":1.0,"y":1.0,"z":1.0}},{"name":"Fence2","position":{"x":25.5,"y":14.500000953674317,"z":0.0},"rotation":{"x":0.0,"y":0.0,"z":0.0},"scale":{"x":1.0,"y":1.0,"z":1.0}},{"name":"Fence2","position":{"x":0.5,"y":11.5,"z":0.0},"rotation":{"x":0.0,"y":0.0,"z":0.0},"scale":{"x":1.0,"y":1.0,"z":1.0}},{"name":"Fence2","position":{"x":0.5,"y":11.5,"z":0.0},"rotation":{"x":0.0,"y":0.0,"z":0.0},"scale":{"x":1.0,"y":1.0,"z":1.0}},{"name":"Fence2","position":{"x":0.5,"y":20.5,"z":0.0},"rotation":{"x":0.0,"y":0.0,"z":0.0},"scale":{"x":1.0,"y":1.0,"z":1.0}},{"name":"Fence2","position":{"x":26.5,"y":11.5,"z":0.0},"rotation":{"x":0.0,"y":0.0,"z":0.0},"scale":{"x":1.0,"y":1.0,"z":1.0}},{"name":"Fence2","position":{"x":26.5,"y":20.5,"z":0.0},"rotation":{"x":0.0,"y":0.0,"z":0.0},"scale":{"x":1.0,"y":1.0,"z":1.0}},{"name":"Rock5","position":{"x":13.5,"y":2.5,"z":0.0},"rotation":{"x":0.0,"y":0.0,"z":0.0},"scale":{"x":1.5,"y":1.5,"z":1.5}},{"name":"Rock2","position":{"x":22.5,"y":5.900000095367432,"z":0.0},"rotation":{"x":0.0,"y":0.0,"z":0.0},"scale":{"x":1.0,"y":1.0,"z":1.0}},{"name":"Rock2","position":{"x":22.5,"y":6.800000190734863,"z":0.0},"rotation":{"x":0.0,"y":0.0,"z":0.0},"scale":{"x":1.0,"y":1.0,"z":1.0}},{"name":"Rock2","position":{"x":22.5,"y":7.699999809265137,"z":0.0},"rotation":{"x":0.0,"y":0.0,"z":0.0},"scale":{"x":1.0,"y":1.0,"z":1.0}},{"name":"Rock2","position":{"x":22.5,"y":8.600000381469727,"z":0.0},"rotation":{"x":0.0,"y":0.0,"z":0.0},"scale":{"x":1.0,"y":1.0,"z":1.0}},{"name":"Rock2","position":{"x":24.5,"y":8.5,"z":0.0},"rotation":{"x":0.0,"y":0.0,"z":0.0},"scale":{"x":1.0,"y":1.0,"z":1.0}},{"name":"Rock2","position":{"x":23.43000030517578,"y":8.670000076293946,"z":0.0},"rotation":{"x":0.0,"y":0.0,"z":10.000003814697266},"scale":{"x":1.0,"y":1.0,"z":1.0}},{"name":"Rock2","position":{"x":22.5,"y":5.0,"z":0.0},"rotation":{"x":0.0,"y":0.0,"z":0.0},"scale":{"x":1.0,"y":1.0,"z":1.0}},{"name":"Trap","position":{"x":19.480329513549806,"y":4.0,"z":0.0},"rotation":{"x":0.0,"y":0.0,"z":19.999998092651368},"scale":{"x":1.0,"y":1.0,"z":1.0}},{"name":"Rock1","position":{"x":19.5,"y":5.5,"z":0.0},"rotation":{"x":0.0,"y":0.0,"z":0.0},"scale":{"x":1.0,"y":1.0,"z":1.0}},{"name":"Rock4","position":{"x":25.5,"y":5.5,"z":0.0},"rotation":{"x":0.0,"y":0.0,"z":0.0},"scale":{"x":1.0,"y":1.0,"z":1.0}},{"name":"Tree2","position":{"x":16.0,"y":5.5,"z":0.0},"rotation":{"x":0.0,"y":0.0,"z":180.0},"scale":{"x":1.2000000476837159,"y":1.2000000476837159,"z":1.2000000476837159}},{"name":"Rock7","position":{"x":11.399999618530274,"y":5.5,"z":0.0},"rotation":{"x":0.0,"y":0.0,"z":180.0},"scale":{"x":2.0,"y":1.5,"z":1.5}},{"name":"Rock6","position":{"x":13.5,"y":5.5,"z":0.0},"rotation":{"x":0.0,"y":0.0,"z":0.0},"scale":{"x":1.5,"y":1.5,"z":1.0}},{"name":"Tree1","position":{"x":16.799999237060548,"y":8.5,"z":0.0},"rotation":{"x":0.0,"y":0.0,"z":0.0},"scale":{"x":2.0,"y":2.0,"z":2.0}},{"name":"Rock3","position":{"x":19.0,"y":8.5,"z":0.0},"rotation":{"x":0.0,"y":0.0,"z":19.999998092651368},"scale":{"x":1.8000001907348633,"y":1.8000001907348633,"z":1.7999999523162842}},{"name":"Rock7","position":{"x":10.0,"y":8.5,"z":0.0},"rotation":{"x":0.0,"y":0.0,"z":0.0},"scale":{"x":1.5,"y":1.5,"z":1.5}},{"name":"Rock6","position":{"x":7.5,"y":8.5,"z":0.0},"rotation":{"x":0.0,"y":0.0,"z":0.0},"scale":{"x":1.5,"y":1.5,"z":1.5}},{"name":"Tree2","position":{"x":1.100000023841858,"y":12.699999809265137,"z":0.0},"rotation":{"x":0.0,"y":0.0,"z":169.99998474121095},"scale":{"x":1.5,"y":1.5,"z":1.5}},{"name":"Tree1","position":{"x":2.5,"y":13.600000381469727,"z":0.0},"rotation":{"x":0.0,"y":0.0,"z":49.999996185302737},"scale":{"x":1.0,"y":1.0,"z":1.0}},{"name":"Tree1","position":{"x":3.5,"y":12.5,"z":0.0},"rotation":{"x":0.0,"y":0.0,"z":0.0},"scale":{"x":1.0,"y":1.0,"z":1.0}},{"name":"Tree2","position":{"x":2.5,"y":19.0,"z":0.0},"rotation":{"x":0.0,"y":0.0,"z":0.0},"scale":{"x":2.0,"y":2.0,"z":2.0}},{"name":"Fence2","position":{"x":-0.20000000298023225,"y":11.5,"z":0.0},"rotation":{"x":0.0,"y":0.0,"z":0.0},"scale":{"x":1.0,"y":1.0,"z":1.0}},{"name":"Fence2","position":{"x":-0.20000000298023225,"y":14.5,"z":0.0},"rotation":{"x":0.0,"y":0.0,"z":0.0},"scale":{"x":1.0,"y":1.0,"z":1.0}},{"name":"Fence2","position":{"x":-0.20000000298023225,"y":17.5,"z":0.0},"rotation":{"x":0.0,"y":0.0,"z":0.0},"scale":{"x":1.0,"y":1.0,"z":1.0}},{"name":"Fence2","position":{"x":-0.20000000298023225,"y":20.5,"z":0.0},"rotation":{"x":0.0,"y":0.0,"z":0.0},"scale":{"x":1.0,"y":1.0,"z":1.0}},{"name":"Fence2","position":{"x":27.200000762939454,"y":20.5,"z":0.0},"rotation":{"x":0.0,"y":0.0,"z":0.0},"scale":{"x":1.0,"y":1.0,"z":1.0}},{"name":"Fence2","position":{"x":27.200000762939454,"y":17.5,"z":0.0},"rotation":{"x":0.0,"y":0.0,"z":0.0},"scale":{"x":1.0,"y":1.0,"z":1.0}},{"name":"Fence2","position":{"x":27.200000762939454,"y":14.5,"z":0.0},"rotation":{"x":0.0,"y":0.0,"z":0.0},"scale":{"x":1.0,"y":1.0,"z":1.0}},{"name":"Fence2","position":{"x":27.200000762939454,"y":11.5,"z":0.0},"rotation":{"x":0.0,"y":0.0,"z":0.0},"scale":{"x":1.0,"y":1.0,"z":1.0}},{"name":"Construction1","position":{"x":13.5,"y":8.5,"z":0.0},"rotation":{"x":0.0,"y":0.0,"z":0.0},"scale":{"x":1.0,"y":1.0,"z":1.0}},{"name":"Tree6","position":{"x":19.5,"y":17.5,"z":0.0},"rotation":{"x":0.0,"y":0.0,"z":0.0},"scale":{"x":1.5,"y":1.5,"z":1.5}},{"name":"Tree5","position":{"x":7.0,"y":23.5,"z":0.0},"rotation":{"x":0.0,"y":0.0,"z":0.0},"scale":{"x":1.0,"y":1.0,"z":1.0}},{"name":"Tree1","position":{"x":7.5,"y":22.0,"z":0.0},"rotation":{"x":0.0,"y":0.0,"z":0.0},"scale":{"x":1.5,"y":1.5,"z":1.5}},{"name":"Tree4","position":{"x":9.899999618530274,"y":20.5,"z":0.0},"rotation":{"x":0.0,"y":0.0,"z":0.0},"scale":{"x":1.5,"y":1.2999999523162842,"z":1.2999999523162842}},{"name":"Trap","position":{"x":19.5,"y":14.0,"z":0.0},"rotation":{"x":0.0,"y":0.0,"z":0.0},"scale":{"x":2.0,"y":2.0,"z":2.0}},{"name":"Rock1","position":{"x":7.5,"y":14.0,"z":0.0},"rotation":{"x":0.0,"y":0.0,"z":0.0},"scale":{"x":1.600000023841858,"y":1.600000023841858,"z":1.600000023841858}},{"name":"Rock8","position":{"x":19.5,"y":12.0,"z":0.0},"rotation":{"x":0.0,"y":0.0,"z":0.0},"scale":{"x":1.600000023841858,"y":1.600000023841858,"z":1.600000023841858}},{"name":"Rock9","position":{"x":7.5,"y":12.0,"z":0.0},"rotation":{"x":0.0,"y":0.0,"z":0.0},"scale":{"x":1.600000023841858,"y":1.600000023841858,"z":1.600000023841858}},{"name":"Rock7","position":{"x":7.5,"y":18.0,"z":0.0},"rotation":{"x":0.0,"y":0.0,"z":270.0},"scale":{"x":1.5000001192092896,"y":1.5000001192092896,"z":1.5}},{"name":"Rock6","position":{"x":7.5,"y":20.0,"z":0.0},"rotation":{"x":0.0,"y":0.0,"z":0.0},"scale":{"x":2.0,"y":2.0,"z":2.0}},{"name":"Tree2","position":{"x":13.5,"y":10.5,"z":0.0},"rotation":{"x":0.0,"y":0.0,"z":280.0},"scale":{"x":1.5,"y":1.5,"z":1.5}},{"name":"Tree5","position":{"x":15.0,"y":12.0,"z":0.0},"rotation":{"x":0.0,"y":0.0,"z":0.0},"scale":{"x":1.0,"y":1.0,"z":1.0}},{"name":"Wall","position":{"x":16.5,"y":11.5,"z":0.0},"rotation":{"x":0.0,"y":0.0,"z":0.0},"scale":{"x":1.5,"y":1.5,"z":1.5}},{"name":"Tree4","position":{"x":11.0,"y":11.5,"z":0.0},"rotation":{"x":0.0,"y":0.0,"z":0.0},"scale":{"x":1.0,"y":1.0,"z":1.0}},{"name":"Tree5","position":{"x":15.0,"y":11.0,"z":0.0},"rotation":{"x":0.0,"y":0.0,"z":0.0},"scale":{"x":1.0,"y":1.0,"z":1.0}},{"name":"Tree5","position":{"x":14.0,"y":12.0,"z":0.0},"rotation":{"x":0.0,"y":0.0,"z":0.0},"scale":{"x":1.0,"y":1.0,"z":1.0}},{"name":"Tree5","position":{"x":13.0,"y":12.0,"z":0.0},"rotation":{"x":0.0,"y":0.0,"z":0.0},"scale":{"x":1.0,"y":1.0,"z":1.0}},{"name":"Tree5","position":{"x":8.0,"y":23.5,"z":0.0},"rotation":{"x":0.0,"y":0.0,"z":0.0},"scale":{"x":1.0,"y":1.0,"z":1.0}},{"name":"Tree5","position":{"x":16.0,"y":20.0,"z":0.0},"rotation":{"x":0.0,"y":0.0,"z":0.0},"scale":{"x":1.0,"y":1.0,"z":1.0}},{"name":"Tree5","position":{"x":20.0,"y":21.0,"z":0.0},"rotation":{"x":0.0,"y":0.0,"z":0.0},"scale":{"x":1.0,"y":1.0,"z":1.0}},{"name":"Fence1","position":{"x":23.0,"y":23.5,"z":0.0},"rotation":{"x":0.0,"y":0.0,"z":0.0},"scale":{"x":1.0,"y":1.0,"z":1.0}},{"name":"Fence1","position":{"x":24.0,"y":23.5,"z":0.0},"rotation":{"x":0.0,"y":0.0,"z":0.0},"scale":{"x":1.0,"y":1.0,"z":1.0}},{"name":"Fence1","position":{"x":25.0,"y":23.5,"z":0.0},"rotation":{"x":0.0,"y":0.0,"z":0.0},"scale":{"x":1.0,"y":1.0,"z":1.0}},{"name":"Fence1","position":{"x":3.0,"y":23.5,"z":0.0},"rotation":{"x":0.0,"y":0.0,"z":0.0},"scale":{"x":1.0,"y":1.0,"z":1.0}},{"name":"Fence1","position":{"x":4.0,"y":23.5,"z":0.0},"rotation":{"x":0.0,"y":0.0,"z":0.0},"scale":{"x":1.0,"y":1.0,"z":1.0}},{"name":"Fence1","position":{"x":5.0,"y":23.5,"z":0.0},"rotation":{"x":0.0,"y":0.0,"z":0.0},"scale":{"x":1.0,"y":1.0,"z":1.0}},{"name":"Tree5","position":{"x":12.0,"y":23.0,"z":0.0},"rotation":{"x":0.0,"y":0.0,"z":0.0},"scale":{"x":1.0,"y":1.0,"z":1.0}},{"name":"Tree5","position":{"x":15.0,"y":24.0,"z":0.0},"rotation":{"x":0.0,"y":0.0,"z":0.0},"scale":{"x":1.0,"y":1.0,"z":1.0}},{"name":"Tree5","position":{"x":15.0,"y":23.0,"z":0.0},"rotation":{"x":0.0,"y":0.0,"z":0.0},"scale":{"x":1.0,"y":1.0,"z":1.0}},{"name":"Rock8","position":{"x":13.5,"y":21.0,"z":0.0},"rotation":{"x":0.0,"y":0.0,"z":0.0},"scale":{"x":1.600000023841858,"y":1.600000023841858,"z":1.600000023841858}},{"name":"Tree5","position":{"x":12.0,"y":24.0,"z":0.0},"rotation":{"x":0.0,"y":0.0,"z":0.0},"scale":{"x":1.0,"y":1.0,"z":1.0}},{"name":"Trap","position":{"x":11.0,"y":23.5,"z":-0.30000001192092898},"rotation":{"x":0.0,"y":30.00000762939453,"z":0.0},"scale":{"x":2.0,"y":2.0,"z":2.0}},{"name":"Fence1","position":{"x":2.0,"y":23.5,"z":0.0},"rotation":{"x":0.0,"y":0.0,"z":0.0},"scale":{"x":1.0,"y":1.0,"z":1.0}},{"name":"Fence1","position":{"x":22.0,"y":23.5,"z":0.0},"rotation":{"x":0.0,"y":0.0,"z":0.0},"scale":{"x":1.0,"y":1.0,"z":1.0}},{"name":"Tree3","position":{"x":13.5,"y":23.5,"z":0.0},"rotation":{"x":0.0,"y":0.0,"z":0.0},"scale":{"x":1.0,"y":1.0,"z":1.0}},{"name":"Tree4","position":{"x":19.5,"y":23.0,"z":0.0},"rotation":{"x":0.0,"y":0.0,"z":90.0},"scale":{"x":1.2000000476837159,"y":1.5000001192092896,"z":1.5}},{"name":"Tree5","position":{"x":19.0,"y":21.0,"z":0.0},"rotation":{"x":0.0,"y":0.0,"z":0.0},"scale":{"x":1.0,"y":1.0,"z":1.0}},{"name":"Gravestone1","position":{"x":17.5,"y":20.5,"z":0.0},"rotation":{"x":0.0,"y":0.0,"z":0.0},"scale":{"x":1.5,"y":1.5,"z":1.5}},{"name":"Tree5","position":{"x":16.0,"y":21.0,"z":0.0},"rotation":{"x":0.0,"y":0.0,"z":0.0},"scale":{"x":1.0,"y":1.0,"z":1.0}},{"name":"Rock5","position":{"x":19.5,"y":19.5,"z":0.0},"rotation":{"x":0.0,"y":0.0,"z":0.0},"scale":{"x":2.0,"y":2.0,"z":2.0}},{"name":"Rock10","position":{"x":7.5,"y":27.0,"z":0.0},"rotation":{"x":0.0,"y":0.0,"z":0.0},"scale":{"x":1.5,"y":1.5,"z":1.5}},{"name":"Tree5","position":{"x":11.0,"y":27.0,"z":0.0},"rotation":{"x":0.0,"y":0.0,"z":0.0},"scale":{"x":1.0,"y":1.0,"z":1.0}},{"name":"Tree5","position":{"x":11.0,"y":26.0,"z":0.0},"rotation":{"x":0.0,"y":0.0,"z":0.0},"scale":{"x":1.0,"y":1.0,"z":1.0}},{"name":"Tree5","position":{"x":3.0,"y":28.0,"z":0.0},"rotation":{"x":0.0,"y":0.0,"z":0.0},"scale":{"x":1.0,"y":1.0,"z":1.0}},{"name":"Tree5","position":{"x":3.0,"y":27.0,"z":0.0},"rotation":{"x":0.0,"y":0.0,"z":0.0},"scale":{"x":1.0,"y":1.0,"z":1.0}},{"name":"Tree5","position":{"x":3.0,"y":26.0,"z":0.0},"rotation":{"x":0.0,"y":0.0,"z":0.0},"scale":{"x":1.0,"y":1.0,"z":1.0}},{"name":"Tree5","position":{"x":2.0,"y":26.0,"z":0.0},"rotation":{"x":0.0,"y":0.0,"z":0.0},"scale":{"x":1.0,"y":1.0,"z":1.0}},{"name":"Tree5","position":{"x":2.0,"y":27.0,"z":0.0},"rotation":{"x":0.0,"y":0.0,"z":0.0},"scale":{"x":1.0,"y":1.0,"z":1.0}},{"name":"Tree5","position":{"x":2.0,"y":28.0,"z":0.0},"rotation":{"x":0.0,"y":0.0,"z":0.0},"scale":{"x":1.0,"y":1.0,"z":1.0}},{"name":"Rock10","position":{"x":19.5,"y":27.0,"z":0.0},"rotation":{"x":0.0,"y":0.0,"z":180.0},"scale":{"x":1.5,"y":1.5,"z":1.5}},{"name":"Rock10","position":{"x":22.5,"y":27.0,"z":0.0},"rotation":{"x":0.0,"y":0.0,"z":0.0},"scale":{"x":1.5,"y":1.5,"z":1.5}},{"name":"Rock2","position":{"x":18.0,"y":27.5,"z":0.0},"rotation":{"x":0.0,"y":0.0,"z":0.0},"scale":{"x":1.0,"y":1.0,"z":1.0}},{"name":"Rock2","position":{"x":17.0,"y":27.5,"z":0.0},"rotation":{"x":0.0,"y":0.0,"z":0.0},"scale":{"x":1.0,"y":1.0,"z":1.0}},{"name":"Rock2","position":{"x":17.0,"y":26.5,"z":0.0},"rotation":{"x":0.0,"y":0.0,"z":0.0},"scale":{"x":1.0,"y":1.0,"z":1.0}},{"name":"Rock2","position":{"x":18.0,"y":26.5,"z":0.0},"rotation":{"x":0.0,"y":0.0,"z":0.0},"scale":{"x":1.0,"y":1.0,"z":1.0}},{"name":"Tree5","position":{"x":16.0,"y":28.0,"z":0.0},"rotation":{"x":0.0,"y":0.0,"z":0.0},"scale":{"x":1.0,"y":1.0,"z":1.0}},{"name":"Tree5","position":{"x":16.0,"y":27.0,"z":0.0},"rotation":{"x":0.0,"y":0.0,"z":0.0},"scale":{"x":1.0,"y":1.0,"z":1.0}},{"name":"Tree5","position":{"x":16.0,"y":26.0,"z":0.0},"rotation":{"x":0.0,"y":0.0,"z":0.0},"scale":{"x":1.0,"y":1.0,"z":1.0}},{"name":"Rock9","position":{"x":24.5,"y":27.0,"z":0.0},"rotation":{"x":0.0,"y":0.0,"z":0.0},"scale":{"x":1.5,"y":1.5,"z":1.5}},{"name":"Tree4","position":{"x":13.5,"y":28.0,"z":0.0},"rotation":{"x":0.0,"y":0.0,"z":90.0},"scale":{"x":2.0,"y":1.5000001192092896,"z":1.5}},{"name":"Tree5","position":{"x":11.0,"y":28.0,"z":0.0},"rotation":{"x":0.0,"y":0.0,"z":0.0},"scale":{"x":1.0,"y":1.0,"z":1.0}},{"name":"Tree6","position":{"x":9.5,"y":27.0,"z":-0.09299087524414063},"rotation":{"x":0.0,"y":0.0,"z":0.0},"scale":{"x":1.5,"y":1.5,"z":1.0}},{"name":"Rock10","position":{"x":4.5,"y":27.0,"z":0.0},"rotation":{"x":0.0,"y":0.0,"z":180.0},"scale":{"x":1.5,"y":1.5,"z":1.5}},{"name":"Rock2","position":{"x":16.5,"y":23.5,"z":0.0},"rotation":{"x":0.0,"y":0.0,"z":0.0},"scale":{"x":2.0,"y":2.0,"z":2.0}},{"name":"Tree5","position":{"x":23.5,"y":19.5,"z":0.0},"rotation":{"x":0.0,"y":0.0,"z":0.0},"scale":{"x":1.0,"y":1.0,"z":1.0}},{"name":"Tree5","position":{"x":23.5,"y":18.5,"z":0.0},"rotation":{"x":0.0,"y":0.0,"z":0.0},"scale":{"x":1.0,"y":1.0,"z":1.0}},{"name":"Tree5","position":{"x":24.5,"y":19.5,"z":0.0},"rotation":{"x":0.0,"y":0.0,"z":0.0},"scale":{"x":1.0,"y":1.0,"z":1.0}},{"name":"Tree5","position":{"x":24.5,"y":18.5,"z":0.0},"rotation":{"x":0.0,"y":0.0,"z":0.0},"scale":{"x":1.0,"y":1.0,"z":1.0}},{"name":"Tree5","position":{"x":25.5,"y":18.5,"z":0.0},"rotation":{"x":0.0,"y":0.0,"z":0.0},"scale":{"x":1.0,"y":1.0,"z":1.0}},{"name":"Tree5","position":{"x":25.5,"y":19.5,"z":0.0},"rotation":{"x":0.0,"y":0.0,"z":0.0},"scale":{"x":1.0,"y":1.0,"z":1.0}},{"name":"Tree5","position":{"x":26.5,"y":19.5,"z":0.0},"rotation":{"x":0.0,"y":0.0,"z":0.0},"scale":{"x":1.0,"y":1.0,"z":1.0}},{"name":"Tree5","position":{"x":26.5,"y":18.5,"z":0.0},"rotation":{"x":0.0,"y":0.0,"z":0.0},"scale":{"x":1.0,"y":1.0,"z":1.0}},{"name":"Tree5","position":{"x":22.5,"y":18.5,"z":0.0},"rotation":{"x":0.0,"y":0.0,"z":0.0},"scale":{"x":1.0,"y":1.0,"z":1.0}},{"name":"Tree5","position":{"x":22.5,"y":19.5,"z":0.0},"rotation":{"x":0.0,"y":0.0,"z":0.0},"scale":{"x":1.0,"y":1.0,"z":1.0}},{"name":"Tree2","position":{"x":24.0,"y":13.0,"z":0.0},"rotation":{"x":0.0,"y":0.0,"z":0.0},"scale":{"x":1.5,"y":1.5,"z":1.5}},{"name":"Tree6","position":{"x":26.5,"y":13.0,"z":0.0},"rotation":{"x":0.0,"y":0.0,"z":0.0},"scale":{"x":1.2999999523162842,"y":1.2999999523162842,"z":1.2999999523162842}},{"name":"Tree5","position":{"x":13.0,"y":4.0,"z":0.0},"rotation":{"x":0.0,"y":0.0,"z":0.0},"scale":{"x":1.0,"y":1.0,"z":1.0}},{"name":"Tree5","position":{"x":14.0,"y":4.0,"z":0.0},"rotation":{"x":0.0,"y":0.0,"z":0.0},"scale":{"x":1.0,"y":1.0,"z":1.0}}],"objects":[{"name":"Elixir","position":{"x":1.0,"y":7.0,"z":0.0},"rotation":{"x":0.0,"y":0.0,"z":0.0},"scale":{"x":1.0,"y":1.0,"z":1.0}},{"name":"Elixir","position":{"x":26.0,"y":7.0,"z":0.0},"rotation":{"x":0.0,"y":0.0,"z":0.0},"scale":{"x":1.0,"y":1.0,"z":1.0}},{"name":"Elixir","position":{"x":1.0,"y":27.0,"z":0.0},"rotation":{"x":0.0,"y":0.0,"z":0.0},"scale":{"x":1.0,"y":1.0,"z":1.0}},{"name":"Elixir","position":{"x":26.0,"y":27.0,"z":0.0},"rotation":{"x":0.0,"y":0.0,"z":0.0},"scale":{"x":1.0,"y":1.0,"z":1.0}},{"name":"Coin","position":{"x":1.0,"y":29.0,"z":0.0},"rotation":{"x":0.0,"y":0.0,"z":0.0},"scale":{"x":1.0,"y":1.0,"z":1.0}},{"name":"Coin","position":{"x":2.0,"y":29.0,"z":0.0},"rotation":{"x":0.0,"y":0.0,"z":0.0},"scale":{"x":1.0,"y":1.0,"z":1.0}},{"name":"Coin","position":{"x":3.0,"y":29.0,"z":0.0},"rotation":{"x":0.0,"y":0.0,"z":0.0},"scale":{"x":1.0,"y":1.0,"z":1.0}},{"name":"Coin","position":{"x":4.0,"y":29.0,"z":0.0},"rotation":{"x":0.0,"y":0.0,"z":0.0},"scale":{"x":1.0,"y":1.0,"z":1.0}},{"name":"Coin","position":{"x":5.0,"y":29.0,"z":0.0},"rotation":{"x":0.0,"y":0.0,"z":0.0},"scale":{"x":1.0,"y":1.0,"z":1.0}},{"name":"Coin","position":{"x":6.0,"y":29.0,"z":0.0},"rotation":{"x":0.0,"y":0.0,"z":0.0},"scale":{"x":1.0,"y":1.0,"z":1.0}},{"name":"Coin","position":{"x":7.0,"y":29.0,"z":0.0},"rotation":{"x":0.0,"y":0.0,"z":0.0},"scale":{"x":1.0,"y":1.0,"z":1.0}},{"name":"Coin","position":{"x":8.0,"y":29.0,"z":0.0},"rotation":{"x":0.0,"y":0.0,"z":0.0},"scale":{"x":1.0,"y":1.0,"z":1.0}},{"name":"Coin","position":{"x":9.0,"y":29.0,"z":0.0},"rotation":{"x":0.0,"y":0.0,"z":0.0},"scale":{"x":1.0,"y":1.0,"z":1.0}},{"name":"Coin","position":{"x":10.0,"y":29.0,"z":0.0},"rotation":{"x":0.0,"y":0.0,"z":0.0},"scale":{"x":1.0,"y":1.0,"z":1.0}},{"name":"Coin","position":{"x":11.0,"y":29.0,"z":0.0},"rotation":{"x":0.0,"y":0.0,"z":0.0},"scale":{"x":1.0,"y":1.0,"z":1.0}},{"name":"Coin","position":{"x":12.0,"y":29.0,"z":0.0},"rotation":{"x":0.0,"y":0.0,"z":0.0},"scale":{"x":1.0,"y":1.0,"z":1.0}},{"name":"Coin","position":{"x":15.0,"y":29.0,"z":0.0},"rotation":{"x":0.0,"y":0.0,"z":0.0},"scale":{"x":1.0,"y":1.0,"z":1.0}},{"name":"Coin","position":{"x":16.0,"y":29.0,"z":0.0},"rotation":{"x":0.0,"y":0.0,"z":0.0},"scale":{"x":1.0,"y":1.0,"z":1.0}},{"name":"Coin","position":{"x":17.0,"y":29.0,"z":0.0},"rotation":{"x":0.0,"y":0.0,"z":0.0},"scale":{"x":1.0,"y":1.0,"z":1.0}},{"name":"Coin","position":{"x":18.0,"y":29.0,"z":0.0},"rotation":{"x":0.0,"y":0.0,"z":0.0},"scale":{"x":1.0,"y":1.0,"z":1.0}},{"name":"Coin","position":{"x":19.0,"y":29.0,"z":0.0},"rotation":{"x":0.0,"y":0.0,"z":0.0},"scale":{"x":1.0,"y":1.0,"z":1.0}},{"name":"Coin","position":{"x":20.0,"y":29.0,"z":0.0},"rotation":{"x":0.0,"y":0.0,"z":0.0},"scale":{"x":1.0,"y":1.0,"z":1.0}},{"name":"Coin","position":{"x":21.0,"y":29.0,"z":0.0},"rotation":{"x":0.0,"y":0.0,"z":0.0},"scale":{"x":1.0,"y":1.0,"z":1.0}},{"name":"Coin","position":{"x":22.0,"y":29.0,"z":0.0},"rotation":{"x":0.0,"y":0.0,"z":0.0},"scale":{"x":1.0,"y":1.0,"z":1.0}},{"name":"Coin","position":{"x":23.0,"y":29.0,"z":0.0},"rotation":{"x":0.0,"y":0.0,"z":0.0},"scale":{"x":1.0,"y":1.0,"z":1.0}},{"name":"Coin","position":{"x":24.0,"y":29.0,"z":0.0},"rotation":{"x":0.0,"y":0.0,"z":0.0},"scale":{"x":1.0,"y":1.0,"z":1.0}},{"name":"Coin","position":{"x":25.0,"y":29.0,"z":0.0},"rotation":{"x":0.0,"y":0.0,"z":0.0},"scale":{"x":1.0,"y":1.0,"z":1.0}},{"name":"Coin","position":{"x":26.0,"y":29.0,"z":0.0},"rotation":{"x":0.0,"y":0.0,"z":0.0},"scale":{"x":1.0,"y":1.0,"z":1.0}},{"name":"Coin","position":{"x":1.0,"y":28.0,"z":0.0},"rotation":{"x":0.0,"y":0.0,"z":0.0},"scale":{"x":1.0,"y":1.0,"z":1.0}},{"name":"Coin","position":{"x":6.0,"y":28.0,"z":0.0},"rotation":{"x":0.0,"y":0.0,"z":0.0},"scale":{"x":1.0,"y":1.0,"z":1.0}},{"name":"Coin","position":{"x":12.0,"y":28.0,"z":0.0},"rotation":{"x":0.0,"y":0.0,"z":0.0},"scale":{"x":1.0,"y":1.0,"z":1.0}},{"name":"Coin","position":{"x":15.0,"y":28.0,"z":0.0},"rotation":{"x":0.0,"y":0.0,"z":0.0},"scale":{"x":1.0,"y":1.0,"z":1.0}},{"name":"Coin","position":{"x":21.0,"y":28.0,"z":0.0},"rotation":{"x":0.0,"y":0.0,"z":0.0},"scale":{"x":1.0,"y":1.0,"z":1.0}},{"name":"Coin","position":{"x":26.0,"y":28.0,"z":0.0},"rotation":{"x":0.0,"y":0.0,"z":0.0},"scale":{"x":1.0,"y":1.0,"z":1.0}},{"name":"Coin","position":{"x":6.0,"y":27.0,"z":0.0},"rotation":{"x":0.0,"y":0.0,"z":0.0},"scale":{"x":1.0,"y":1.0,"z":1.0}},{"name":"Coin","position":{"x":12.0,"y":27.0,"z":0.0},"rotation":{"x":0.0,"y":0.0,"z":0.0},"scale":{"x":1.0,"y":1.0,"z":1.0}},{"name":"Coin","position":{"x":15.0,"y":27.0,"z":0.0},"rotation":{"x":0.0,"y":0.0,"z":0.0},"scale":{"x":1.0,"y":1.0,"z":1.0}},{"name":"Coin","position":{"x":21.0,"y":27.0,"z":0.0},"rotation":{"x":0.0,"y":0.0,"z":0.0},"scale":{"x":1.0,"y":1.0,"z":1.0}},{"name":"Coin","position":{"x":6.0,"y":26.0,"z":0.0},"rotation":{"x":0.0,"y":0.0,"z":0.0},"scale":{"x":1.0,"y":1.0,"z":1.0}},{"name":"Coin","position":{"x":21.0,"y":26.0,"z":0.0},"rotation":{"x":0.0,"y":0.0,"z":0.0},"scale":{"x":1.0,"y":1.0,"z":1.0}},{"name":"Coin","position":{"x":1.0,"y":26.0,"z":0.0},"rotation":{"x":0.0,"y":0.0,"z":0.0},"scale":{"x":1.0,"y":1.0,"z":1.0}},{"name":"Coin","position":{"x":12.0,"y":26.0,"z":0.0},"rotation":{"x":0.0,"y":0.0,"z":0.0},"scale":{"x":1.0,"y":1.0,"z":1.0}},{"name":"Coin","position":{"x":15.0,"y":26.0,"z":0.0},"rotation":{"x":0.0,"y":0.0,"z":0.0},"scale":{"x":1.0,"y":1.0,"z":1.0}},{"name":"Coin","position":{"x":26.0,"y":26.0,"z":0.0},"rotation":{"x":0.0,"y":0.0,"z":0.0},"scale":{"x":1.0,"y":1.0,"z":1.0}},{"name":"Coin","position":{"x":1.0,"y":25.0,"z":0.0},"rotation":{"x":0.0,"y":0.0,"z":0.0},"scale":{"x":1.0,"y":1.0,"z":1.0}},{"name":"Coin","position":{"x":2.0,"y":25.0,"z":0.0},"rotation":{"x":0.0,"y":0.0,"z":0.0},"scale":{"x":1.0,"y":1.0,"z":1.0}},{"name":"Coin","position":{"x":3.0,"y":25.0,"z":0.0},"rotation":{"x":0.0,"y":0.0,"z":0.0},"scale":{"x":1.0,"y":1.0,"z":1.0}},{"name":"Coin","position":{"x":4.0,"y":25.0,"z":0.0},"rotation":{"x":0.0,"y":0.0,"z":0.0},"scale":{"x":1.0,"y":1.0,"z":1.0}},{"name":"Coin","position":{"x":5.0,"y":25.0,"z":0.0},"rotation":{"x":0.0,"y":0.0,"z":0.0},"scale":{"x":1.0,"y":1.0,"z":1.0}},{"name":"Coin","position":{"x":6.0,"y":25.0,"z":0.0},"rotation":{"x":0.0,"y":0.0,"z":0.0},"scale":{"x":1.0,"y":1.0,"z":1.0}},{"name":"Coin","position":{"x":7.0,"y":25.0,"z":0.0},"rotation":{"x":0.0,"y":0.0,"z":0.0},"scale":{"x":1.0,"y":1.0,"z":1.0}},{"name":"Coin","position":{"x":8.0,"y":25.0,"z":0.0},"rotation":{"x":0.0,"y":0.0,"z":0.0},"scale":{"x":1.0,"y":1.0,"z":1.0}},{"name":"Coin","position":{"x":9.0,"y":25.0,"z":0.0},"rotation":{"x":0.0,"y":0.0,"z":0.0},"scale":{"x":1.0,"y":1.0,"z":1.0}},{"name":"Coin","position":{"x":10.0,"y":25.0,"z":0.0},"rotation":{"x":0.0,"y":0.0,"z":0.0},"scale":{"x":1.0,"y":1.0,"z":1.0}},{"name":"Coin","position":{"x":11.0,"y":25.0,"z":0.0},"rotation":{"x":0.0,"y":0.0,"z":0.0},"scale":{"x":1.0,"y":1.0,"z":1.0}},{"name":"Coin","position":{"x":12.0,"y":25.0,"z":0.0},"rotation":{"x":0.0,"y":0.0,"z":0.0},"scale":{"x":1.0,"y":1.0,"z":1.0}},{"name":"Coin","position":{"x":16.0,"y":25.0,"z":0.0},"rotation":{"x":0.0,"y":0.0,"z":0.0},"scale":{"x":1.0,"y":1.0,"z":1.0}},{"name":"Coin","position":{"x":15.0,"y":25.0,"z":0.0},"rotation":{"x":0.0,"y":0.0,"z":0.0},"scale":{"x":1.0,"y":1.0,"z":1.0}},{"name":"Coin","position":{"x":14.0,"y":25.0,"z":0.0},"rotation":{"x":0.0,"y":0.0,"z":0.0},"scale":{"x":1.0,"y":1.0,"z":1.0}},{"name":"Coin","position":{"x":13.0,"y":25.0,"z":0.0},"rotation":{"x":0.0,"y":0.0,"z":0.0},"scale":{"x":1.0,"y":1.0,"z":1.0}},{"name":"Coin","position":{"x":17.0,"y":25.0,"z":0.0},"rotation":{"x":0.0,"y":0.0,"z":0.0},"scale":{"x":1.0,"y":1.0,"z":1.0}},{"name":"Coin","position":{"x":18.0,"y":25.0,"z":0.0},"rotation":{"x":0.0,"y":0.0,"z":0.0},"scale":{"x":1.0,"y":1.0,"z":1.0}},{"name":"Coin","position":{"x":19.0,"y":25.0,"z":0.0},"rotation":{"x":0.0,"y":0.0,"z":0.0},"scale":{"x":1.0,"y":1.0,"z":1.0}},{"name":"Coin","position":{"x":20.0,"y":25.0,"z":0.0},"rotation":{"x":0.0,"y":0.0,"z":0.0},"scale":{"x":1.0,"y":1.0,"z":1.0}},{"name":"Coin","position":{"x":24.0,"y":25.0,"z":0.0},"rotation":{"x":0.0,"y":0.0,"z":0.0},"scale":{"x":1.0,"y":1.0,"z":1.0}},{"name":"Coin","position":{"x":23.0,"y":25.0,"z":0.0},"rotation":{"x":0.0,"y":0.0,"z":0.0},"scale":{"x":1.0,"y":1.0,"z":1.0}},{"name":"Coin","position":{"x":22.0,"y":25.0,"z":0.0},"rotation":{"x":0.0,"y":0.0,"z":0.0},"scale":{"x":1.0,"y":1.0,"z":1.0}},{"name":"Coin","position":{"x":21.0,"y":25.0,"z":0.0},"rotation":{"x":0.0,"y":0.0,"z":0.0},"scale":{"x":1.0,"y":1.0,"z":1.0}},{"name":"Coin","position":{"x":25.0,"y":25.0,"z":0.0},"rotation":{"x":0.0,"y":0.0,"z":0.0},"scale":{"x":1.0,"y":1.0,"z":1.0}},{"name":"Coin","position":{"x":26.0,"y":25.0,"z":0.0},"rotation":{"x":0.0,"y":0.0,"z":0.0},"scale":{"x":1.0,"y":1.0,"z":1.0}},{"name":"Coin","position":{"x":6.0,"y":24.0,"z":0.0},"rotation":{"x":0.0,"y":0.0,"z":0.0},"scale":{"x":1.0,"y":1.0,"z":1.0}},{"name":"Coin","position":{"x":21.0,"y":24.0,"z":0.0},"rotation":{"x":0.0,"y":0.0,"z":0.0},"scale":{"x":1.0,"y":1.0,"z":1.0}},{"name":"Coin","position":{"x":1.0,"y":24.0,"z":0.0},"rotation":{"x":0.0,"y":0.0,"z":0.0},"scale":{"x":1.0,"y":1.0,"z":1.0}},{"name":"Coin","position":{"x":9.0,"y":24.0,"z":0.0},"rotation":{"x":0.0,"y":0.0,"z":0.0},"scale":{"x":1.0,"y":1.0,"z":1.0}},{"name":"Coin","position":{"x":18.0,"y":24.0,"z":0.0},"rotation":{"x":0.0,"y":0.0,"z":0.0},"scale":{"x":1.0,"y":1.0,"z":1.0}},{"name":"Coin","position":{"x":26.0,"y":24.0,"z":0.0},"rotation":{"x":0.0,"y":0.0,"z":0.0},"scale":{"x":1.0,"y":1.0,"z":1.0}},{"name":"Coin","position":{"x":21.0,"y":23.0,"z":0.0},"rotation":{"x":0.0,"y":0.0,"z":0.0},"scale":{"x":1.0,"y":1.0,"z":1.0}},{"name":"Coin","position":{"x":1.0,"y":23.0,"z":0.0},"rotation":{"x":0.0,"y":0.0,"z":0.0},"scale":{"x":1.0,"y":1.0,"z":1.0}},{"name":"Coin","position":{"x":9.0,"y":23.0,"z":0.0},"rotation":{"x":0.0,"y":0.0,"z":0.0},"scale":{"x":1.0,"y":1.0,"z":1.0}},{"name":"Coin","position":{"x":6.0,"y":23.0,"z":0.0},"rotation":{"x":0.0,"y":0.0,"z":0.0},"scale":{"x":1.0,"y":1.0,"z":1.0}},{"name":"Coin","position":{"x":18.0,"y":23.0,"z":0.0},"rotation":{"x":0.0,"y":0.0,"z":0.0},"scale":{"x":1.0,"y":1.0,"z":1.0}},{"name":"Coin","position":{"x":26.0,"y":23.0,"z":0.0},"rotation":{"x":0.0,"y":0.0,"z":0.0},"scale":{"x":1.0,"y":1.0,"z":1.0}},{"name":"Coin","position":{"x":1.0,"y":22.0,"z":0.0},"rotation":{"x":0.0,"y":0.0,"z":0.0},"scale":{"x":1.0,"y":1.0,"z":1.0}},{"name":"Coin","position":{"x":2.0,"y":22.0,"z":0.0},"rotation":{"x":0.0,"y":0.0,"z":0.0},"scale":{"x":1.0,"y":1.0,"z":1.0}},{"name":"Coin","position":{"x":3.0,"y":22.0,"z":0.0},"rotation":{"x":0.0,"y":0.0,"z":0.0},"scale":{"x":1.0,"y":1.0,"z":1.0}},{"name":"Coin","position":{"x":4.0,"y":22.0,"z":0.0},"rotation":{"x":0.0,"y":0.0,"z":0.0},"scale":{"x":1.0,"y":1.0,"z":1.0}},{"name":"Coin","position":{"x":5.0,"y":22.0,"z":0.0},"rotation":{"x":0.0,"y":0.0,"z":0.0},"scale":{"x":1.0,"y":1.0,"z":1.0}},{"name":"Coin","position":{"x":6.0,"y":22.0,"z":0.0},"rotation":{"x":0.0,"y":0.0,"z":0.0},"scale":{"x":1.0,"y":1.0,"z":1.0}},{"name":"Coin","position":{"x":9.0,"y":22.0,"z":0.0},"rotation":{"x":0.0,"y":0.0,"z":0.0},"scale":{"x":1.0,"y":1.0,"z":1.0}},{"name":"Coin","position":{"x":10.0,"y":22.0,"z":0.0},"rotation":{"x":0.0,"y":0.0,"z":0.0},"scale":{"x":1.0,"y":1.0,"z":1.0}},{"name":"Coin","position":{"x":11.0,"y":22.0,"z":0.0},"rotation":{"x":0.0,"y":0.0,"z":0.0},"scale":{"x":1.0,"y":1.0,"z":1.0}},{"name":"Coin","position":{"x":12.0,"y":22.0,"z":0.0},"rotation":{"x":0.0,"y":0.0,"z":0.0},"scale":{"x":1.0,"y":1.0,"z":1.0}},{"name":"Coin","position":{"x":15.0,"y":22.0,"z":0.0},"rotation":{"x":0.0,"y":0.0,"z":0.0},"scale":{"x":1.0,"y":1.0,"z":1.0}},{"name":"Coin","position":{"x":16.0,"y":22.0,"z":0.0},"rotation":{"x":0.0,"y":0.0,"z":0.0},"scale":{"x":1.0,"y":1.0,"z":1.0}},{"name":"Coin","position":{"x":17.0,"y":22.0,"z":0.0},"rotation":{"x":0.0,"y":0.0,"z":0.0},"scale":{"x":1.0,"y":1.0,"z":1.0}},{"name":"Coin","position":{"x":18.0,"y":22.0,"z":0.0},"rotation":{"x":0.0,"y":0.0,"z":0.0},"scale":{"x":1.0,"y":1.0,"z":1.0}},{"name":"Coin","position":{"x":21.0,"y":22.0,"z":0.0},"rotation":{"x":0.0,"y":0.0,"z":0.0},"scale":{"x":1.0,"y":1.0,"z":1.0}},{"name":"Coin","position":{"x":22.0,"y":22.0,"z":0.0},"rotation":{"x":0.0,"y":0.0,"z":0.0},"scale":{"x":1.0,"y":1.0,"z":1.0}},{"name":"Coin","position":{"x":23.0,"y":22.0,"z":0.0},"rotation":{"x":0.0,"y":0.0,"z":0.0},"scale":{"x":1.0,"y":1.0,"z":1.0}},{"name":"Coin","position":{"x":24.0,"y":22.0,"z":0.0},"rotation":{"x":0.0,"y":0.0,"z":0.0},"scale":{"x":1.0,"y":1.0,"z":1.0}},{"name":"Coin","position":{"x":25.0,"y":22.0,"z":0.0},"rotation":{"x":0.0,"y":0.0,"z":0.0},"scale":{"x":1.0,"y":1.0,"z":1.0}},{"name":"Coin","position":{"x":26.0,"y":22.0,"z":0.0},"rotation":{"x":0.0,"y":0.0,"z":0.0},"scale":{"x":1.0,"y":1.0,"z":1.0}},{"name":"Coin","position":{"x":6.0,"y":21.0,"z":0.0},"rotation":{"x":0.0,"y":0.0,"z":0.0},"scale":{"x":1.0,"y":1.0,"z":1.0}},{"name":"Coin","position":{"x":21.0,"y":21.0,"z":0.0},"rotation":{"x":0.0,"y":0.0,"z":0.0},"scale":{"x":1.0,"y":1.0,"z":1.0}},{"name":"Coin","position":{"x":6.0,"y":20.0,"z":0.0},"rotation":{"x":0.0,"y":0.0,"z":0.0},"scale":{"x":1.0,"y":1.0,"z":1.0}},{"name":"Coin","position":{"x":21.0,"y":20.0,"z":0.0},"rotation":{"x":0.0,"y":0.0,"z":0.0},"scale":{"x":1.0,"y":1.0,"z":1.0}},{"name":"Coin","position":{"x":21.0,"y":19.0,"z":0.0},"rotation":{"x":0.0,"y":0.0,"z":0.0},"scale":{"x":1.0,"y":1.0,"z":1.0}},{"name":"Coin","position":{"x":6.0,"y":19.0,"z":0.0},"rotation":{"x":0.0,"y":0.0,"z":0.0},"scale":{"x":1.0,"y":1.0,"z":1.0}},{"name":"Coin","position":{"x":6.0,"y":18.0,"z":0.0},"rotation":{"x":0.0,"y":0.0,"z":0.0},"scale":{"x":1.0,"y":1.0,"z":1.0}},{"name":"Coin","position":{"x":21.0,"y":18.0,"z":0.0},"rotation":{"x":0.0,"y":0.0,"z":0.0},"scale":{"x":1.0,"y":1.0,"z":1.0}},{"name":"Coin","position":{"x":21.0,"y":17.0,"z":0.0},"rotation":{"x":0.0,"y":0.0,"z":0.0},"scale":{"x":1.0,"y":1.0,"z":1.0}},{"name":"Coin","position":{"x":6.0,"y":17.0,"z":0.0},"rotation":{"x":0.0,"y":0.0,"z":0.0},"scale":{"x":1.0,"y":1.0,"z":1.0}},{"name":"Coin","position":{"x":6.0,"y":16.0,"z":0.0},"rotation":{"x":0.0,"y":0.0,"z":0.0},"scale":{"x":1.0,"y":1.0,"z":1.0}},{"name":"Coin","position":{"x":21.0,"y":16.0,"z":0.0},"rotation":{"x":0.0,"y":0.0,"z":0.0},"scale":{"x":1.0,"y":1.0,"z":1.0}},{"name":"Coin","position":{"x":21.0,"y":15.0,"z":0.0},"rotation":{"x":0.0,"y":0.0,"z":0.0},"scale":{"x":1.0,"y":1.0,"z":1.0}},{"name":"Coin","position":{"x":6.0,"y":15.0,"z":0.0},"rotation":{"x":0.0,"y":0.0,"z":0.0},"scale":{"x":1.0,"y":1.0,"z":1.0}},{"name":"Coin","position":{"x":6.0,"y":14.0,"z":0.0},"rotation":{"x":0.0,"y":0.0,"z":0.0},"scale":{"x":1.0,"y":1.0,"z":1.0}},{"name":"Coin","position":{"x":21.0,"y":14.0,"z":0.0},"rotation":{"x":0.0,"y":0.0,"z":0.0},"scale":{"x":1.0,"y":1.0,"z":1.0}},{"name":"Coin","position":{"x":21.0,"y":11.0,"z":0.0},"rotation":{"x":0.0,"y":0.0,"z":0.0},"scale":{"x":1.0,"y":1.0,"z":1.0}},{"name":"Coin","position":{"x":6.0,"y":11.0,"z":0.0},"rotation":{"x":0.0,"y":0.0,"z":0.0},"scale":{"x":1.0,"y":1.0,"z":1.0}},{"name":"Coin","position":{"x":6.0,"y":12.0,"z":0.0},"rotation":{"x":0.0,"y":0.0,"z":0.0},"scale":{"x":1.0,"y":1.0,"z":1.0}},{"name":"Coin","position":{"x":21.0,"y":12.0,"z":0.0},"rotation":{"x":0.0,"y":0.0,"z":0.0},"scale":{"x":1.0,"y":1.0,"z":1.0}},{"name":"Coin","position":{"x":21.0,"y":13.0,"z":0.0},"rotation":{"x":0.0,"y":0.0,"z":0.0},"scale":{"x":1.0,"y":1.0,"z":1.0}},{"name":"Coin","position":{"x":6.0,"y":13.0,"z":0.0},"rotation":{"x":0.0,"y":0.0,"z":0.0},"scale":{"x":1.0,"y":1.0,"z":1.0}},{"name":"Coin","position":{"x":22.0,"y":10.0,"z":0.0},"rotation":{"x":0.0,"y":0.0,"z":0.0},"scale":{"x":1.0,"y":1.0,"z":1.0}},{"name":"Coin","position":{"x":1.0,"y":10.0,"z":0.0},"rotation":{"x":0.0,"y":0.0,"z":0.0},"scale":{"x":1.0,"y":1.0,"z":1.0}},{"name":"Coin","position":{"x":2.0,"y":10.0,"z":0.0},"rotation":{"x":0.0,"y":0.0,"z":0.0},"scale":{"x":1.0,"y":1.0,"z":1.0}},{"name":"Coin","position":{"x":3.0,"y":10.0,"z":0.0},"rotation":{"x":0.0,"y":0.0,"z":0.0},"scale":{"x":1.0,"y":1.0,"z":1.0}},{"name":"Coin","position":{"x":4.0,"y":10.0,"z":0.0},"rotation":{"x":0.0,"y":0.0,"z":0.0},"scale":{"x":1.0,"y":1.0,"z":1.0}},{"name":"Coin","position":{"x":5.0,"y":10.0,"z":0.0},"rotation":{"x":0.0,"y":0.0,"z":0.0},"scale":{"x":1.0,"y":1.0,"z":1.0}},{"name":"Coin","position":{"x":6.0,"y":10.0,"z":0.0},"rotation":{"x":0.0,"y":0.0,"z":0.0},"scale":{"x":1.0,"y":1.0,"z":1.0}},{"name":"Coin","position":{"x":7.0,"y":10.0,"z":0.0},"rotation":{"x":0.0,"y":0.0,"z":0.0},"scale":{"x":1.0,"y":1.0,"z":1.0}},{"name":"Coin","position":{"x":8.0,"y":10.0,"z":0.0},"rotation":{"x":0.0,"y":0.0,"z":0.0},"scale":{"x":1.0,"y":1.0,"z":1.0}},{"name":"Coin","position":{"x":9.0,"y":10.0,"z":0.0},"rotation":{"x":0.0,"y":0.0,"z":0.0},"scale":{"x":1.0,"y":1.0,"z":1.0}},{"name":"Coin","position":{"x":10.0,"y":10.0,"z":0.0},"rotation":{"x":0.0,"y":0.0,"z":0.0},"scale":{"x":1.0,"y":1.0,"z":1.0}},{"name":"Coin","position":{"x":11.0,"y":10.0,"z":0.0},"rotation":{"x":0.0,"y":0.0,"z":0.0},"scale":{"x":1.0,"y":1.0,"z":1.0}},{"name":"Coin","position":{"x":12.0,"y":10.0,"z":0.0},"rotation":{"x":0.0,"y":0.0,"z":0.0},"scale":{"x":1.0,"y":1.0,"z":1.0}},{"name":"Coin","position":{"x":16.0,"y":10.0,"z":0.0},"rotation":{"x":0.0,"y":0.0,"z":0.0},"scale":{"x":1.0,"y":1.0,"z":1.0}},{"name":"Coin","position":{"x":15.0,"y":10.0,"z":0.0},"rotation":{"x":0.0,"y":0.0,"z":0.0},"scale":{"x":1.0,"y":1.0,"z":1.0}},{"name":"Coin","position":{"x":17.0,"y":10.0,"z":0.0},"rotation":{"x":0.0,"y":0.0,"z":0.0},"scale":{"x":1.0,"y":1.0,"z":1.0}},{"name":"Coin","position":{"x":18.0,"y":10.0,"z":0.0},"rotation":{"x":0.0,"y":0.0,"z":0.0},"scale":{"x":1.0,"y":1.0,"z":1.0}},{"name":"Coin","position":{"x":19.0,"y":10.0,"z":0.0},"rotation":{"x":0.0,"y":0.0,"z":0.0},"scale":{"x":1.0,"y":1.0,"z":1.0}},{"name":"Coin","position":{"x":20.0,"y":10.0,"z":0.0},"rotation":{"x":0.0,"y":0.0,"z":0.0},"scale":{"x":1.0,"y":1.0,"z":1.0}},{"name":"Coin","position":{"x":24.0,"y":10.0,"z":0.0},"rotation":{"x":0.0,"y":0.0,"z":0.0},"scale":{"x":1.0,"y":1.0,"z":1.0}},{"name":"Coin","position":{"x":23.0,"y":10.0,"z":0.0},"rotation":{"x":0.0,"y":0.0,"z":0.0},"scale":{"x":1.0,"y":1.0,"z":1.0}},{"name":"Coin","position":{"x":21.0,"y":10.0,"z":0.0},"rotation":{"x":0.0,"y":0.0,"z":0.0},"scale":{"x":1.0,"y":1.0,"z":1.0}},{"name":"Coin","position":{"x":25.0,"y":10.0,"z":0.0},"rotation":{"x":0.0,"y":0.0,"z":0.0},"scale":{"x":1.0,"y":1.0,"z":1.0}},{"name":"Coin","position":{"x":26.0,"y":10.0,"z":0.0},"rotation":{"x":0.0,"y":0.0,"z":0.0},"scale":{"x":1.0,"y":1.0,"z":1.0}},{"name":"Coin","position":{"x":1.0,"y":9.0,"z":0.0},"rotation":{"x":0.0,"y":0.0,"z":0.0},"scale":{"x":1.0,"y":1.0,"z":1.0}},{"name":"Coin","position":{"x":6.0,"y":9.0,"z":0.0},"rotation":{"x":0.0,"y":0.0,"z":0.0},"scale":{"x":1.0,"y":1.0,"z":1.0}},{"name":"Coin","position":{"x":12.0,"y":9.0,"z":0.0},"rotation":{"x":0.0,"y":0.0,"z":0.0},"scale":{"x":1.0,"y":1.0,"z":1.0}},{"name":"Coin","position":{"x":15.0,"y":9.0,"z":0.0},"rotation":{"x":0.0,"y":0.0,"z":0.0},"scale":{"x":1.0,"y":1.0,"z":1.0}},{"name":"Coin","position":{"x":21.0,"y":9.0,"z":0.0},"rotation":{"x":0.0,"y":0.0,"z":0.0},"scale":{"x":1.0,"y":1.0,"z":1.0}},{"name":"Coin","position":{"x":26.0,"y":9.0,"z":0.0},"rotation":{"x":0.0,"y":0.0,"z":0.0},"scale":{"x":1.0,"y":1.0,"z":1.0}},{"name":"Coin","position":{"x":1.0,"y":8.0,"z":0.0},"rotation":{"x":0.0,"y":0.0,"z":0.0},"scale":{"x":1.0,"y":1.0,"z":1.0}},{"name":"Coin","position":{"x":6.0,"y":8.0,"z":0.0},"rotation":{"x":0.0,"y":0.0,"z":0.0},"scale":{"x":1.0,"y":1.0,"z":1.0}},{"name":"Coin","position":{"x":12.0,"y":8.0,"z":0.0},"rotation":{"x":0.0,"y":0.0,"z":0.0},"scale":{"x":1.0,"y":1.0,"z":1.0}},{"name":"Coin","position":{"x":15.0,"y":8.0,"z":0.0},"rotation":{"x":0.0,"y":0.0,"z":0.0},"scale":{"x":1.0,"y":1.0,"z":1.0}},{"name":"Coin","position":{"x":21.0,"y":8.0,"z":0.0},"rotation":{"x":0.0,"y":0.0,"z":0.0},"scale":{"x":1.0,"y":1.0,"z":1.0}},{"name":"Coin","position":{"x":26.0,"y":8.0,"z":0.0},"rotation":{"x":0.0,"y":0.0,"z":0.0},"scale":{"x":1.0,"y":1.0,"z":1.0}},{"name":"Coin","position":{"x":2.0,"y":7.0,"z":0.0},"rotation":{"x":0.0,"y":0.0,"z":0.0},"scale":{"x":1.0,"y":1.0,"z":1.0}},{"name":"Coin","position":{"x":3.0,"y":7.0,"z":0.0},"rotation":{"x":0.0,"y":0.0,"z":0.0},"scale":{"x":1.0,"y":1.0,"z":1.0}},{"name":"Coin","position":{"x":7.0,"y":7.0,"z":0.0},"rotation":{"x":0.0,"y":0.0,"z":0.0},"scale":{"x":1.0,"y":1.0,"z":1.0}},{"name":"Coin","position":{"x":6.0,"y":7.0,"z":0.0},"rotation":{"x":0.0,"y":0.0,"z":0.0},"scale":{"x":1.0,"y":1.0,"z":1.0}},{"name":"Coin","position":{"x":8.0,"y":7.0,"z":0.0},"rotation":{"x":0.0,"y":0.0,"z":0.0},"scale":{"x":1.0,"y":1.0,"z":1.0}},{"name":"Coin","position":{"x":9.0,"y":7.0,"z":0.0},"rotation":{"x":0.0,"y":0.0,"z":0.0},"scale":{"x":1.0,"y":1.0,"z":1.0}},{"name":"Coin","position":{"x":10.0,"y":7.0,"z":0.0},"rotation":{"x":0.0,"y":0.0,"z":0.0},"scale":{"x":1.0,"y":1.0,"z":1.0}},{"name":"Coin","position":{"x":11.0,"y":7.0,"z":0.0},"rotation":{"x":0.0,"y":0.0,"z":0.0},"scale":{"x":1.0,"y":1.0,"z":1.0}},{"name":"Coin","position":{"x":12.0,"y":7.0,"z":0.0},"rotation":{"x":0.0,"y":0.0,"z":0.0},"scale":{"x":1.0,"y":1.0,"z":1.0}},{"name":"Coin","position":{"x":16.0,"y":7.0,"z":0.0},"rotation":{"x":0.0,"y":0.0,"z":0.0},"scale":{"x":1.0,"y":1.0,"z":1.0}},{"name":"Coin","position":{"x":15.0,"y":7.0,"z":0.0},"rotation":{"x":0.0,"y":0.0,"z":0.0},"scale":{"x":1.0,"y":1.0,"z":1.0}},{"name":"Coin","position":{"x":20.0,"y":7.0,"z":0.0},"rotation":{"x":0.0,"y":0.0,"z":0.0},"scale":{"x":1.0,"y":1.0,"z":1.0}},{"name":"Coin","position":{"x":19.0,"y":7.0,"z":0.0},"rotation":{"x":0.0,"y":0.0,"z":0.0},"scale":{"x":1.0,"y":1.0,"z":1.0}},{"name":"Coin","position":{"x":18.0,"y":7.0,"z":0.0},"rotation":{"x":0.0,"y":0.0,"z":0.0},"scale":{"x":1.0,"y":1.0,"z":1.0}},{"name":"Coin","position":{"x":17.0,"y":7.0,"z":0.0},"rotation":{"x":0.0,"y":0.0,"z":0.0},"scale":{"x":1.0,"y":1.0,"z":1.0}},{"name":"Coin","position":{"x":21.0,"y":7.0,"z":0.0},"rotation":{"x":0.0,"y":0.0,"z":0.0},"scale":{"x":1.0,"y":1.0,"z":1.0}},{"name":"Coin","position":{"x":24.0,"y":7.0,"z":0.0},"rotation":{"x":0.0,"y":0.0,"z":0.0},"scale":{"x":1.0,"y":1.0,"z":1.0}},{"name":"Coin","position":{"x":25.0,"y":7.0,"z":0.0},"rotation":{"x":0.0,"y":0.0,"z":0.0},"scale":{"x":1.0,"y":1.0,"z":1.0}},{"name":"Coin","position":{"x":3.0,"y":6.0,"z":0.0},"rotation":{"x":0.0,"y":0.0,"z":0.0},"scale":{"x":1.0,"y":1.0,"z":1.0}},{"name":"Coin","position":{"x":6.0,"y":6.0,"z":0.0},"rotation":{"x":0.0,"y":0.0,"z":0.0},"scale":{"x":1.0,"y":1.0,"z":1.0}},{"name":"Coin","position":{"x":9.0,"y":6.0,"z":0.0},"rotation":{"x":0.0,"y":0.0,"z":0.0},"scale":{"x":1.0,"y":1.0,"z":1.0}},{"name":"Coin","position":{"x":18.0,"y":6.0,"z":0.0},"rotation":{"x":0.0,"y":0.0,"z":0.0},"scale":{"x":1.0,"y":1.0,"z":1.0}},{"name":"Coin","position":{"x":21.0,"y":6.0,"z":0.0},"rotation":{"x":0.0,"y":0.0,"z":0.0},"scale":{"x":1.0,"y":1.0,"z":1.0}},{"name":"Coin","position":{"x":24.0,"y":6.0,"z":0.0},"rotation":{"x":0.0,"y":0.0,"z":0.0},"scale":{"x":1.0,"y":1.0,"z":1.0}},{"name":"Coin","position":{"x":3.0,"y":5.0,"z":0.0},"rotation":{"x":0.0,"y":0.0,"z":0.0},"scale":{"x":1.0,"y":1.0,"z":1.0}},{"name":"Coin","position":{"x":6.0,"y":5.0,"z":0.0},"rotation":{"x":0.0,"y":0.0,"z":0.0},"scale":{"x":1.0,"y":1.0,"z":1.0}},{"name":"Coin","position":{"x":9.0,"y":5.0,"z":0.0},"rotation":{"x":0.0,"y":0.0,"z":0.0},"scale":{"x":1.0,"y":1.0,"z":1.0}},{"name":"Coin","position":{"x":18.0,"y":5.0,"z":0.0},"rotation":{"x":0.0,"y":0.0,"z":0.0},"scale":{"x":1.0,"y":1.0,"z":1.0}},{"name":"Coin","position":{"x":21.0,"y":5.0,"z":0.0},"rotation":{"x":0.0,"y":0.0,"z":0.0},"scale":{"x":1.0,"y":1.0,"z":1.0}},{"name":"Coin","position":{"x":24.0,"y":5.0,"z":0.0},"rotation":{"x":0.0,"y":0.0,"z":0.0},"scale":{"x":1.0,"y":1.0,"z":1.0}},{"name":"Coin","position":{"x":22.0,"y":4.0,"z":0.0},"rotation":{"x":0.0,"y":0.0,"z":0.0},"scale":{"x":1.0,"y":1.0,"z":1.0}},{"name":"Coin","position":{"x":1.0,"y":4.0,"z":0.0},"rotation":{"x":0.0,"y":0.0,"z":0.0},"scale":{"x":1.0,"y":1.0,"z":1.0}},{"name":"Coin","position":{"x":6.0,"y":4.0,"z":0.0},"rotation":{"x":0.0,"y":0.0,"z":0.0},"scale":{"x":1.0,"y":1.0,"z":1.0}},{"name":"Coin","position":{"x":11.0,"y":4.0,"z":0.0},"rotation":{"x":0.0,"y":0.0,"z":0.0},"scale":{"x":1.0,"y":1.0,"z":1.0}},{"name":"Coin","position":{"x":16.0,"y":4.0,"z":0.0},"rotation":{"x":0.0,"y":0.0,"z":0.0},"scale":{"x":1.0,"y":1.0,"z":1.0}},{"name":"Coin","position":{"x":15.0,"y":4.0,"z":0.0},"rotation":{"x":0.0,"y":0.0,"z":0.0},"scale":{"x":1.0,"y":1.0,"z":1.0}},{"name":"Coin","position":{"x":2.0,"y":4.0,"z":0.0},"rotation":{"x":0.0,"y":0.0,"z":0.0},"scale":{"x":1.0,"y":1.0,"z":1.0}},{"name":"Coin","position":{"x":3.0,"y":4.0,"z":0.0},"rotation":{"x":0.0,"y":0.0,"z":0.0},"scale":{"x":1.0,"y":1.0,"z":1.0}},{"name":"Coin","position":{"x":9.0,"y":4.0,"z":0.0},"rotation":{"x":0.0,"y":0.0,"z":0.0},"scale":{"x":1.0,"y":1.0,"z":1.0}},{"name":"Coin","position":{"x":10.0,"y":4.0,"z":0.0},"rotation":{"x":0.0,"y":0.0,"z":0.0},"scale":{"x":1.0,"y":1.0,"z":1.0}},{"name":"Coin","position":{"x":5.0,"y":4.0,"z":0.0},"rotation":{"x":0.0,"y":0.0,"z":0.0},"scale":{"x":1.0,"y":1.0,"z":1.0}},{"name":"Coin","position":{"x":12.0,"y":4.0,"z":0.0},"rotation":{"x":0.0,"y":0.0,"z":0.0},"scale":{"x":1.0,"y":1.0,"z":1.0}},{"name":"Coin","position":{"x":17.0,"y":4.0,"z":0.0},"rotation":{"x":0.0,"y":0.0,"z":0.0},"scale":{"x":1.0,"y":1.0,"z":1.0}},{"name":"Coin","position":{"x":18.0,"y":4.0,"z":0.0},"rotation":{"x":0.0,"y":0.0,"z":0.0},"scale":{"x":1.0,"y":1.0,"z":1.0}},{"name":"Coin","position":{"x":23.0,"y":4.0,"z":0.0},"rotation":{"x":0.0,"y":0.0,"z":0.0},"scale":{"x":1.0,"y":1.0,"z":1.0}},{"name":"Coin","position":{"x":21.0,"y":4.0,"z":0.0},"rotation":{"x":0.0,"y":0.0,"z":0.0},"scale":{"x":1.0,"y":1.0,"z":1.0}},{"name":"Coin","position":{"x":4.0,"y":4.0,"z":0.0},"rotation":{"x":0.0,"y":0.0,"z":0.0},"scale":{"x":1.0,"y":1.0,"z":1.0}},{"name":"Coin","position":{"x":24.0,"y":4.0,"z":0.0},"rotation":{"x":0.0,"y":0.0,"z":0.0},"scale":{"x":1.0,"y":1.0,"z":1.0}},{"name":"Coin","position":{"x":25.0,"y":4.0,"z":0.0},"rotation":{"x":0.0,"y":0.0,"z":0.0},"scale":{"x":1.0,"y":1.0,"z":1.0}},{"name":"Coin","position":{"x":26.0,"y":4.0,"z":0.0},"rotation":{"x":0.0,"y":0.0,"z":0.0},"scale":{"x":1.0,"y":1.0,"z":1.0}},{"name":"Coin","position":{"x":1.0,"y":3.0,"z":0.0},"rotation":{"x":0.0,"y":0.0,"z":0.0},"scale":{"x":1.0,"y":1.0,"z":1.0}},{"name":"Coin","position":{"x":12.0,"y":3.0,"z":0.0},"rotation":{"x":0.0,"y":0.0,"z":0.0},"scale":{"x":1.0,"y":1.0,"z":1.0}},{"name":"Coin","position":{"x":15.0,"y":3.0,"z":0.0},"rotation":{"x":0.0,"y":0.0,"z":0.0},"scale":{"x":1.0,"y":1.0,"z":1.0}},{"name":"Coin","position":{"x":26.0,"y":3.0,"z":0.0},"rotation":{"x":0.0,"y":0.0,"z":0.0},"scale":{"x":1.0,"y":1.0,"z":1.0}},{"name":"Coin","position":{"x":1.0,"y":2.0,"z":0.0},"rotation":{"x":0.0,"y":0.0,"z":0.0},"scale":{"x":1.0,"y":1.0,"z":1.0}},{"name":"Coin","position":{"x":12.0,"y":2.0,"z":0.0},"rotation":{"x":0.0,"y":0.0,"z":0.0},"scale":{"x":1.0,"y":1.0,"z":1.0}},{"name":"Coin","position":{"x":15.0,"y":2.0,"z":0.0},"rotation":{"x":0.0,"y":0.0,"z":0.0},"scale":{"x":1.0,"y":1.0,"z":1.0}},{"name":"Coin","position":{"x":26.0,"y":2.0,"z":0.0},"rotation":{"x":0.0,"y":0.0,"z":0.0},"scale":{"x":1.0,"y":1.0,"z":1.0}},{"name":"Coin","position":{"x":1.0,"y":1.0,"z":0.0},"rotation":{"x":0.0,"y":0.0,"z":0.0},"scale":{"x":1.0,"y":1.0,"z":1.0}},{"name":"Coin","position":{"x":2.0,"y":1.0,"z":0.0},"rotation":{"x":0.0,"y":0.0,"z":0.0},"scale":{"x":1.0,"y":1.0,"z":1.0}},{"name":"Coin","position":{"x":3.0,"y":1.0,"z":0.0},"rotation":{"x":0.0,"y":0.0,"z":0.0},"scale":{"x":1.0,"y":1.0,"z":1.0}},{"name":"Coin","position":{"x":4.0,"y":1.0,"z":0.0},"rotation":{"x":0.0,"y":0.0,"z":0.0},"scale":{"x":1.0,"y":1.0,"z":1.0}},{"name":"Coin","position":{"x":5.0,"y":1.0,"z":0.0},"rotation":{"x":0.0,"y":0.0,"z":0.0},"scale":{"x":1.0,"y":1.0,"z":1.0}},{"name":"Coin","position":{"x":6.0,"y":1.0,"z":0.0},"rotation":{"x":0.0,"y":0.0,"z":0.0},"scale":{"x":1.0,"y":1.0,"z":1.0}},{"name":"Coin","position":{"x":7.0,"y":1.0,"z":0.0},"rotation":{"x":0.0,"y":0.0,"z":0.0},"scale":{"x":1.0,"y":1.0,"z":1.0}},{"name":"Coin","position":{"x":8.0,"y":1.0,"z":0.0},"rotation":{"x":0.0,"y":0.0,"z":0.0},"scale":{"x":1.0,"y":1.0,"z":1.0}},{"name":"Coin","position":{"x":9.0,"y":1.0,"z":0.0},"rotation":{"x":0.0,"y":0.0,"z":0.0},"scale":{"x":1.0,"y":1.0,"z":1.0}},{"name":"Coin","position":{"x":10.0,"y":1.0,"z":0.0},"rotation":{"x":0.0,"y":0.0,"z":0.0},"scale":{"x":1.0,"y":1.0,"z":1.0}},{"name":"Coin","position":{"x":11.0,"y":1.0,"z":0.0},"rotation":{"x":0.0,"y":0.0,"z":0.0},"scale":{"x":1.0,"y":1.0,"z":1.0}},{"name":"Coin","position":{"x":12.0,"y":1.0,"z":0.0},"rotation":{"x":0.0,"y":0.0,"z":0.0},"scale":{"x":1.0,"y":1.0,"z":1.0}},{"name":"Coin","position":{"x":16.0,"y":1.0,"z":0.0},"rotation":{"x":0.0,"y":0.0,"z":0.0},"scale":{"x":1.0,"y":1.0,"z":1.0}},{"name":"Coin","position":{"x":15.0,"y":1.0,"z":0.0},"rotation":{"x":0.0,"y":0.0,"z":0.0},"scale":{"x":1.0,"y":1.0,"z":1.0}},{"name":"Coin","position":{"x":13.0,"y":1.0,"z":0.0},"rotation":{"x":0.0,"y":0.0,"z":0.0},"scale":{"x":1.0,"y":1.0,"z":1.0}},{"name":"Coin","position":{"x":17.0,"y":1.0,"z":0.0},"rotation":{"x":0.0,"y":0.0,"z":0.0},"scale":{"x":1.0,"y":1.0,"z":1.0}},{"name":"Coin","position":{"x":18.0,"y":1.0,"z":0.0},"rotation":{"x":0.0,"y":0.0,"z":0.0},"scale":{"x":1.0,"y":1.0,"z":1.0}},{"name":"Coin","position":{"x":19.0,"y":1.0,"z":0.0},"rotation":{"x":0.0,"y":0.0,"z":0.0},"scale":{"x":1.0,"y":1.0,"z":1.0}},{"name":"Coin","position":{"x":20.0,"y":1.0,"z":0.0},"rotation":{"x":0.0,"y":0.0,"z":0.0},"scale":{"x":1.0,"y":1.0,"z":1.0}},{"name":"Coin","position":{"x":24.0,"y":1.0,"z":0.0},"rotation":{"x":0.0,"y":0.0,"z":0.0},"scale":{"x":1.0,"y":1.0,"z":1.0}},{"name":"Coin","position":{"x":23.0,"y":1.0,"z":0.0},"rotation":{"x":0.0,"y":0.0,"z":0.0},"scale":{"x":1.0,"y":1.0,"z":1.0}},{"name":"Coin","position":{"x":22.0,"y":1.0,"z":0.0},"rotation":{"x":0.0,"y":0.0,"z":0.0},"scale":{"x":1.0,"y":1.0,"z":1.0}},{"name":"Coin","position":{"x":21.0,"y":1.0,"z":0.0},"rotation":{"x":0.0,"y":0.0,"z":0.0},"scale":{"x":1.0,"y":1.0,"z":1.0}},{"name":"Coin","position":{"x":14.0,"y":1.0,"z":0.0},"rotation":{"x":0.0,"y":0.0,"z":0.0},"scale":{"x":1.0,"y":1.0,"z":1.0}},{"name":"Coin","position":{"x":25.0,"y":1.0,"z":0.0},"rotation":{"x":0.0,"y":0.0,"z":0.0},"scale":{"x":1.0,"y":1.0,"z":1.0}},{"name":"Coin","position":{"x":26.0,"y":1.0,"z":0.0},"rotation":{"x":0.0,"y":0.0,"z":0.0},"scale":{"x":1.0,"y":1.0,"z":1.0}},{"name":"pass","position":{"x":0.0,"y":16.0,"z":-0.7370643615722656},"rotation":{"x":0.0,"y":0.0,"z":0.0},"scale":{"x":1.0,"y":1.0,"z":1.0}},{"name":"pass","position":{"x":27.0,"y":16.0,"z":-0.7370643615722656},"rotation":{"x":0.0,"y":0.0,"z":0.0},"scale":{"x":1.0,"y":1.0,"z":1.0}},{"name":"SlowArea","position":{"x":2.5,"y":16.0,"z":0.0},"rotation":{"x":0.0,"y":0.0,"z":0.0},"scale":{"x":5.0,"y":1.0,"z":1.0}},{"name":"SlowArea","position":{"x":24.5,"y":16.0,"z":0.0},"rotation":{"x":0.0,"y":0.0,"z":0.0},"scale":{"x":5.0,"y":1.0,"z":1.0}}]}